time,tavg,tmin,tmax,prcp,wspd,pres,tsun
01-01-2025,22.7,20,27.2,0,18.6,1016.1,0
02-01-2025,21.8,20.4,23.7,0,28.8,1018.5,0
03-01-2025,19.4,16.7,23.4,0,13.2,1020.4,0
04-01-2025,19.3,13,23.1,0,12,1021.4,0
05-01-2025,19.2,14.5,23.3,0,10.9,1020.8,0
06-01-2025,20.4,14.8,26.5,0,13.1,1019.5,0
07-01-2025,21.1,16,27.5,0,10.9,1019.4,0
08-01-2025,20.6,15.5,25.6,0,10.7,1017.4,0
09-01-2025,20.3,16.5,24.5,0,11.8,1015.6,0
10-01-2025,20.6,15.6,25.2,0,11.1,1017.7,0
11-01-2025,21.9,16,28.2,0,10,1018.7,0
12-01-2025,21.7,15.5,27,0,9.8,1018.3,0
13-01-2025,21.4,17.9,24,0.4,15.7,1018.6,0
14-01-2025,20.5,16.6,24.2,0,13.5,1019.1,0
15-01-2025,21.3,16.3,25.3,0,11.2,1020.8,0
16-01-2025,21.7,17.5,25.6,0,11.4,1020.5,0
17-01-2025,19.9,16.5,23.9,0,12.2,1017.5,0
18-01-2025,20.4,16.4,23.8,0,18.9,1014.3,0
19-01-2025,20,15.5,23.5,0,17,1015.5,0
20-01-2025,19.6,15,23,0,13.7,1017.2,0
21-01-2025,20.4,15,24.4,0,22.8,1017.3,0
22-01-2025,20.5,16,25.9,0,16.2,1019.5,0
23-01-2025,20.3,15.4,25.4,0,14.2,1021,0
24-01-2025,20.7,14.7,26.7,0,12.5,1018.1,0
25-01-2025,20.4,14.6,24.8,0,9.1,1017.4,0
26-01-2025,20.9,15.5,25.1,0,10.1,1016.7,0
27-01-2025,22.1,16,27,0,9.9,1014.9,0
28-01-2025,22,18.2,25.4,0,16.6,1014.9,0
29-01-2025,21.1,16.9,24.2,0,15.3,1017.6,0
30-01-2025,20.7,15.7,24.5,0,11.6,1018,0
31-01-2025,21.2,20,23.7,0,15.4,1016.7,0
01-02-2025,20.7,15,25.3,0,10.6,1016.6,0
02-02-2025,20.4,16,23.4,0,16.5,1016.7,0
03-02-2025,20.5,16.3,24.1,0,14,1017.4,0
04-02-2025,19.6,14.8,24.2,0,12.3,1018.9,0
05-02-2025,19.8,14.5,26.6,0,9.9,1016.9,0
06-02-2025,22.8,16.6,30,0,13.2,1014.2,0
07-02-2025,23.4,20.4,28,0,16,1013.5,0
08-02-2025,23.5,21,29,0,20.3,1012.7,0
09-02-2025,21.5,20.9,24.5,0,17.1,1014.2,0
10-02-2025,20.2,16.8,23,0,13.8,1016.7,0
11-02-2025,21,16,25.3,0,10.2,1017.6,0
12-02-2025,24.6,19.3,32,0,11.8,1016.3,0
13-02-2025,26.8,22,33.2,0,14.2,1015.8,0
14-02-2025,25.4,23,30.9,0,14.8,1016.4,0
15-02-2025,23.2,20.4,26.7,0,13,1015.1,0
16-02-2025,24.2,21.9,27.2,0,12.4,1014.2,0
17-02-2025,26.4,22.5,32.5,0,15.8,1013.7,0
18-02-2025,23.8,22,27.3,0,10.8,1015,0
19-02-2025,23.3,21,26.2,0.3,11.3,1014.7,0
20-02-2025,23.4,19.6,28,0.6,11.2,1011.7,0
21-02-2025,25.9,23,31.1,0.3,12.9,1013.2,0
22-02-2025,24.6,21,29.2,0,9.8,1015.1,0
23-02-2025,27.3,20.8,35.4,0,13.1,1012.2,0
24-02-2025,25,24,28.1,0,12.8,1012.1,0
25-02-2025,21.8,19.8,24.6,0,22.6,1016.3,0
26-02-2025,20.4,16.8,23.1,0,13.6,1019,0
27-02-2025,20.7,20,22.2,0,20.6,1018.1,0
28-02-2025,21,19,23,0,19.9,1016.4,0
01-03-2025,20.3,16,24,0,12.8,1015.1,0
02-03-2025,21.2,17.6,24.5,0,16,1014.8,0
03-03-2025,21.4,18,24.7,0,14.6,1017.4,0
04-03-2025,24,17.1,30.5,0,18.9,1016.8,0
05-03-2025,25.3,21.7,31.6,0,18.8,1016.7,0
06-03-2025,26.4,21.6,32.1,0,12.6,1015.9,0
07-03-2025,29.5,23.9,34.6,0,12,1013.1,0
08-03-2025,29.3,24.5,37.4,0,13.3,1009.5,0
09-03-2025,27.7,25,32.3,0,15.8,1010.3,0
10-03-2025,27.3,24.7,31,0.8,13.2,1012.5,0
11-03-2025,29.4,25.6,36.2,0,10.5,1012.8,0
12-03-2025,27.7,25,31.6,0,11.3,1013.4,0
13-03-2025,24.4,22,28,0,14.5,1013.6,0
14-03-2025,23.7,18.3,28,0,11.1,1013.7,0
15-03-2025,25.3,19,31.3,0,12.6,1014.1,0
16-03-2025,26.6,20.8,34.4,0,13.1,1015.1,0
17-03-2025,25.1,23.8,29.8,0,11.1,1014.5,0
18-03-2025,23.4,17,29.3,0,13.3,1013.5,0
19-03-2025,24.4,18.8,30,0,11.5,1013.4,0
20-03-2025,27.5,20,33,0,9.2,1013.8,0
21-03-2025,29.1,22.8,38.5,0,13.3,1014.5,0
22-03-2025,30.3,26.5,36.2,0,16,1013.5,0
23-03-2025,28.7,25.9,35.6,0,13.8,1013,0
24-03-2025,24.3,22,27.4,0,19.6,1015.2,0
25-03-2025,22.1,20.8,25,0,25.4,1014.4,0
26-03-2025,22.3,17,26.6,0,15.6,1012.5,0
27-03-2025,24.3,19,29.5,0,12.9,1013.2,0
28-03-2025,27.1,20.6,30.2,0,11.7,1013.1,0
29-03-2025,27.2,22,33,0,13.4,1012.4,0
30-03-2025,28.4,22.6,34,0,11.3,1012.3,0
31-03-2025,29.4,24.6,36.1,0,11,1012.4,0
01-04-2025,28.5,24.4,35.7,0,12.3,1011.3,0
02-04-2025,28.2,22.9,33,0,10.2,1010.1,0
03-04-2025,29.7,23.7,38.9,0,11.3,1009.9,0
04-04-2025,32.6,25.8,39.7,0,11.6,1010.6,0
05-04-2025,32.7,27.6,40.5,0,13,1011.1,0
06-04-2025,32.5,27,40.8,0,11.8,1010.8,0
07-04-2025,32.2,27,39.6,0,12.3,1010.9,0
08-04-2025,30.9,25,37.2,0,12.4,1010.1,0
09-04-2025,28.5,24,32,0,13.5,1009,0
10-04-2025,28.3,23.5,34.1,0,12.2,1006.3,0
11-04-2025,30.1,23.7,38.1,0,12,1003.5,0
12-04-2025,33.7,27.5,40.4,0,10.8,1003.7,0
13-04-2025,35.5,31,40.2,0,13.6,1006.7,0
14-04-2025,34.8,29.1,42.2,0,12.4,1008.1,0
15-04-2025,33.3,31,41.7,0,14.4,1008.1,0
16-04-2025,30.2,26.1,35.7,0,14.8,1009.1,0
17-04-2025,27.8,23.9,32,0,17.7,1009.3,0
18-04-2025,26.7,25.8,29.7,0,20.1,1009.3,0
19-04-2025,26.5,22.9,30,0,15.8,1009.5,0
20-04-2025,26.8,22.5,30.7,0,13.1,1009.9,0
21-04-2025,28.3,23,35.7,0,11.3,1011.5,0
22-04-2025,31.1,24.5,36.3,0,10.1,1012.6,0
23-04-2025,34.1,27,39.3,0,9.9,1010.2,0
24-04-2025,30.2,26.7,35,0,11,1006.8,0
25-04-2025,30.5,24.7,37.8,0,12.1,1006.6,0
26-04-2025,34,27,43,0,10.4,1006.3,0
27-04-2025,36.5,30,43.7,0,11.4,1006.7,0
28-04-2025,37,32,43.4,0,12.1,1005.6,0
29-04-2025,36.6,31,44,0,12,1004.2,0
30-04-2025,35.7,31,42,0,13,1005.1,0
01-05-2025,34.8,31,42,0,12.4,1006.3,0
02-05-2025,34.1,27.9,40.3,0,10.1,1006.4,0
03-05-2025,34,28.5,39.5,0,14.3,1004.9,0
04-05-2025,35.5,29.6,42.5,0,14.3,1003.6,0
05-05-2025,36,29.9,42.6,0,12.3,1003.2,0
06-05-2025,33.9,29.7,38.4,0,17.9,1003.6,0
07-05-2025,30.1,28,33.4,0,21,1004.8,0
08-05-2025,28.5,23.7,32.9,0,19.7,1004.3,0
09-05-2025,29.4,23.4,36.9,0,12.8,1005.9,0
10-05-2025,31.2,26,34.9,0,12.6,1006.8,0
11-05-2025,33.2,29,38.5,0,12.7,1005.8,0
12-05-2025,35.2,30.2,41,0,11.2,1004,0
13-05-2025,35.9,30.9,42.6,0,12.3,1003.9,0
14-05-2025,35.7,30.7,41.5,0,14.7,1004.9,0
15-05-2025,36.2,30.5,41.5,0,14.2,1006.3,0
16-05-2025,33.6,29.4,39,0,12.4,1005.5,0
17-05-2025,30.9,26.5,35.8,0,16.4,1004.2,0
18-05-2025,31.2,25.9,36,0,12.4,1004.4,0
19-05-2025,32.2,27.9,37.9,0,11.5,1002.5,0
20-05-2025,34,28.8,38.6,0,10.9,1001.5,0
21-05-2025,34.5,29.2,43.1,0,11.4,1000.8,0
22-05-2025,36.2,29,43.9,0,11.9,999.8,0
23-05-2025,38.2,32.8,47,0,11.6,997.4,0
24-05-2025,38.6,33,46.5,0,11.4,996.5,0
25-05-2025,36.6,31,45.7,0,14,997.6,0
26-05-2025,37.2,30.6,45.8,0,15.1,1000,0
27-05-2025,34.5,31,37,0,14.8,1000,0
28-05-2025,33.6,28.8,38.6,0,14.1,999.5,0
29-05-2025,35.8,29.5,44.4,0,12.7,998.9,0
30-05-2025,35.6,30.4,42.6,0,12.8,998.7,0
31-05-2025,34,29,39,0,15.5,1000.4,0
01-06-2025,32.9,28,37.6,0,12.5,1002.1,0
02-06-2025,34.6,29.8,41.8,0,11.3,1000.1,0
03-06-2025,32.9,27.8,40.1,0,12.7,998.5,0
04-06-2025,31.9,27.8,37.2,0,15.9,999.4,0
05-06-2025,31.8,26.7,39.7,0,14.8,1002,0
06-06-2025,31.1,26.6,36.4,0,14.6,1004.9,0
07-06-2025,32.3,27.6,37,0,14.6,1005.2,0
08-06-2025,33.4,30.7,39.1,0,14.4,1004.6,0
09-06-2025,36.1,31,41,0,15,1004.4,0
10-06-2025,37.5,32,43,0,13.6,1002.5,0
11-06-2025,37.7,32.8,42.2,0,13.6,1001.9,0
12-06-2025,38.2,33,44.3,0,12.5,1001.3,0
13-06-2025,37.5,34,43,0,12,1000.6,0
14-06-2025,37.1,31.4,45,0,13.3,999.6,0
15-06-2025,36.2,31.8,40.3,0,11.8,996.8,0
16-06-2025,36.6,32.9,40.3,0,12.9,994.7,0
17-06-2025,38.2,31.9,45.5,0,12.8,995.1,0
18-06-2025,35.7,30,42.2,0,12.9,996.3,0
19-06-2025,34.9,30,42.4,0,14,996.6,0
20-06-2025,34.8,30,43,0,13.5,997,0
21-06-2025,34.9,29.5,42.1,0,11.5,997.8,0
22-06-2025,34.9,29.9,41.4,0,10.9,997.6,0
23-06-2025,34.4,29.4,39.8,0,14.7,996.1,0
24-06-2025,35.1,29.7,42.1,0,15.8,994.8,0
25-06-2025,34.9,30.8,41,0,15,994,0
26-06-2025,35.1,30,40.3,0,13.4,995.2,0
27-06-2025,36.8,34,43,0,13,994.7,0
28-06-2025,36.6,33.5,41.7,0,12.2,993.9,0
29-06-2025,34.9,33,41.3,0,11.7,992.9,0
30-06-2025,34.5,30.7,38.4,0,11.8,993.1,0
01-07-2025,36.3,31,41,0,10.8,994,0
02-07-2025,35.1,31.8,39.9,0,12.4,994.6,0
03-07-2025,34.3,30.8,40.5,0,13.8,994.8,0
04-07-2025,34.7,30.5,41.1,0,14.1,995.5,0
05-07-2025,34.5,32,38.8,0,12.1,995.6,0
06-07-2025,33.6,30.7,38.3,0,17.1,995.1,0
07-07-2025,33.2,29,37.3,0,16.3,995.6,0
08-07-2025,34.4,29.6,38.8,0,12.7,996.2,0
09-07-2025,35.1,31,38.4,0,10.3,996.5,0
10-07-2025,35.9,31.5,40.2,0,10.5,996.4,0
11-07-2025,37.2,33,43,0,15.4,996.9,0
12-07-2025,38,32.9,43.5,0,16.7,998.4,0
13-07-2025,38.9,35,45,0,14.5,998.6,0
14-07-2025,39.9,36,45,0,14.1,996.8,0
15-07-2025,40.4,35.7,45.6,0,13,995.7,0
16-07-2025,39,36.5,44.5,0,14.1,996.4,0
17-07-2025,38.4,33.7,43.3,0,12.4,997,0
18-07-2025,39.9,35.5,46,0,13.8,996.9,0
19-07-2025,38.2,35.3,44.1,0,16,995.6,0
20-07-2025,37.4,33.7,40.8,0,12.4,993.7,0
21-07-2025,39.8,35,44,0,15.1,994.1,0
22-07-2025,39.1,34,45.3,0,14.1,995.3,0
23-07-2025,35.8,34,39.2,0,13.4,993.6,0
24-07-2025,36.8,32.4,42.1,0,12.3,991.5,0
25-07-2025,38.9,34,45,0,16.9,991.8,0
26-07-2025,39.4,33.7,45,0,14.4,994.1,0
27-07-2025,39.6,36.8,44.8,0,14.7,995,0
28-07-2025,40.4,35.7,46.6,0,14.5,995.6,0
29-07-2025,39.3,37,47.4,0,15,996.5,0
30-07-2025,37,34.2,40.4,0,12.6,995.7,0
31-07-2025,39.5,34.5,43.7,0,11.9,993.3,0
01-08-2025,39.7,34.9,46.1,0,20.5,994.5,0
02-08-2025,38.4,33,45.2,0,17.2,996.9,0
03-08-2025,39,34.4,43,0,14.4,997.4,0
04-08-2025,37.7,33.3,44.2,0,17.9,998.8,0
05-08-2025,38.2,33.6,43.2,0,15.6,999.4,0
06-08-2025,38.9,35.7,43.4,0,15.8,998.9,0
07-08-2025,38.1,34,43,0,15.8,999.3,0
08-08-2025,37.6,33,42.9,0,16.2,1000.3,0
09-08-2025,37.9,34.4,42.6,0,15.2,1002.2,0
10-08-2025,38.6,34,42.9,0,15.4,1001.5,0
11-08-2025,38.1,35.4,42.4,0,15.1,1001.7,0
12-08-2025,37.8,35,42.7,0,14.2,1001.2,0
13-08-2025,36.9,33,40.2,0,13.6,998.9,0
14-08-2025,37.4,33.4,39.7,0,11.2,996.8,0
15-08-2025,38.3,33.6,43.3,0,23.5,996.3,0
16-08-2025,37.3,32.5,45.4,0,16.3,996.5,0
17-08-2025,37.8,34.3,43.7,0,13.5,996.8,0
18-08-2025,38.3,34.5,43.8,0,12.5,998.1,0
19-08-2025,36.7,34.7,40.5,0,15.9,998.4,0
20-08-2025,37.8,35,44.2,0,14.8,996.3,0
21-08-2025,36.5,33.6,40.8,0,15.9,999.3,0
22-08-2025,36.1,32.8,39,0,16.7,1000.1,0
23-08-2025,36,33,40.8,0,14.2,997.9,0
24-08-2025,35.3,32.3,39.2,0,14.2,998.2,0
25-08-2025,36.4,33,41,0,13,998.3,0
26-08-2025,37.8,33,42,0,11,998.6,0
27-08-2025,37.6,33,44,0,16,998.3,0
28-08-2025,37.5,33,45,0,15.1,999.4,0
29-08-2025,38.5,35,43,0,12,999.2,0
30-08-2025,37.4,34,43,0,13.2,1000.2,0
31-08-2025,38.4,34,44,0,12.6,1000,0
01-09-2025,36.5,34,43,0,13.6,997.5,0
02-09-2025,35,32,39,0,13.5,997.3,0
03-09-2025,35.8,31,42,0,13.4,998.9,0
04-09-2025,36.6,31,43,0,19.4,1000.2,0
05-09-2025,37,33,42,0,14.4,1002.4,0
06-09-2025,37.5,35,42,0,13.7,1002.8,0
07-09-2025,35.1,32,38,0,12.4,1001.2,0
08-09-2025,34.7,31,39,0,11.8,999.2,0
09-09-2025,36.3,32,43,0,13,1000.2,0
10-09-2025,35.8,32,41,0,11.8,1001.5,0
11-09-2025,35.5,32,40,0,16.9,1001.2,0
12-09-2025,35.2,32,40,0,19.2,1002.2,0
13-09-2025,34.4,31,39,0,20.8,1003.8,0
14-09-2025,33.9,30,39,0,18.2,1005,0
15-09-2025,33.6,31,37,0,17.2,1005,0
16-09-2025,34.1,31,38,0,13.8,1004,0
17-09-2025,34.8,32,40,0,11.9,1003.5,0
18-09-2025,34.5,31,39,0,11.8,1003.3,0
19-09-2025,33.8,31,37,0,10.6,1003,0
20-09-2025,35.3,31,41,0,16.3,1002.7,0
21-09-2025,35.3,32,40,0,13.5,1003.5,0
22-09-2025,34.6,32,39,0,12.2,1004.8,0
23-09-2025,33.9,32,37,0,11.5,1005.4,0
24-09-2025,33.5,30,38,0,18,1003.3,0
25-09-2025,32.7,29,38,0,13.1,1002.6,0
26-09-2025,34.1,31,39,0,11.4,1004.9,0
27-09-2025,35.1,32,40,0,12.5,1006.8,0
28-09-2025,34.8,30,39,0,12.7,1007,0
29-09-2025,33.4,29,38,0,12.8,1004.4,0
30-09-2025,32.9,29,38,0,12.8,1001.7,0
01-10-2025,32.7,28,37,0,13.6,1000.5,0
02-10-2025,33,29,36,0,12.1,1003.2,0
03-10-2025,33.2,28,37,0,13.5,1007,0
04-10-2025,32.7,29,36,0,12.5,1008,0
05-10-2025,32,28,36,0,12,1006.7,0
06-10-2025,32.2,28,38,0,12.8,1006.8,0
07-10-2025,32.8,29,39,0,12.5,1007.7,0
08-10-2025,32,29,37,0,7.2,1008.5,0
09-10-2025,32.4,28,37,0,7.2,1010.7,0
10-10-2025,32.7,29,38,0,7.8,1010.2,0
11-10-2025,31.4,28,36,0,10.5,1009.4,0
12-10-2025,32.4,29,37,0,13.4,1009.9,0
13-10-2025,33.1,30,36,0,11.3,1011,0
14-10-2025,32.6,30,36,0,15.5,1009.8,0
15-10-2025,31.7,28,36,0,11.8,1008.3,0
16-10-2025,31.2,28,36,0,14,1009.5,0
17-10-2025,31.5,28,35,0,14.2,1011.8,0
18-10-2025,31.3,28,35,0,14.2,1011.4,0
19-10-2025,30.8,28,34,0,12.7,1009.7,0
20-10-2025,31.1,28,35,0,11.9,1009.2,0
21-10-2025,31.3,28,36,0,11,1011.1,0
22-10-2025,32.4,28,36,0,11.8,1013.1,0
23-10-2025,31.1,28,35,0,13.3,1012.6,0
24-10-2025,31,27,35,0,11.5,1011.8,0
25-10-2025,30.2,27,34,0,10.9,1010,0
26-10-2025,29.8,26,33,0,9.9,1009.7,0
27-10-2025,29.8,27,33,0,10.7,1010.5,0
28-10-2025,30.2,27,33,0,13.2,1010.9,0
29-10-2025,30.8,27,34,0,14.6,1010.5,0
30-10-2025,30.3,26,33,0,13.1,1010.4,0
31-10-2025,30.5,28,33,0,13,1012.1,0
01-11-2025,30.5,26,34,0,14,1013,0
02-11-2025,29.8,26,33,0,11.4,1013.6,0
03-11-2025,29.1,25,32,0,13.3,1012.9,0
04-11-2025,29.5,25,33,0,12.4,1013.6,0
05-11-2025,29.7,26,33,0,12.2,1013.3,0
06-11-2025,29.1,26,34,0,11.4,1013,0
07-11-2025,27.9,24,32,0,11,1014.8,0
08-11-2025,27.9,23,32,0,11,1016.7,0
09-11-2025,28.2,24,31,0,12.7,1016.2,0
10-11-2025,27.9,24,31,0,10.4,1014.8,0
11-11-2025,27.7,24,31,0,10.9,1014.8,0
12-11-2025,27.9,23,33,0,10.5,1016.3,0
13-11-2025,27.6,23,31,0,11.5,1017.7,0
14-11-2025,27.4,23,31,0,11.5,1017,0
15-11-2025,27.1,23,31,0,11.1,1016.6,0
16-11-2025,27.4,23,33,0,11.2,1018.4,0
17-11-2025,27.1,23,31,0,11.5,1018.9,0
18-11-2025,26.8,23,31,0,10.4,1016.3,0
19-11-2025,27.2,23,33,0,9.9,1015,0
20-11-2025,26.4,20,31,0,11.3,1016.5,0
21-11-2025,27.2,22,31,0,9.5,1017.4,0
22-11-2025,26.9,21,33,0,9.1,1017.3,0
23-11-2025,26.6,21,32,0,8.8,1016.9,0
24-11-2025,26.5,22,31,0,10,1016.7,0
25-11-2025,25.6,21,31,0,10.4,1017.2,0
26-11-2025,25.3,20,30,0,9.7,1016.5,0
27-11-2025,25.2,21,29,0,8.8,1016.8,0
28-11-2025,25.1,22,28,0,9.6,1017.8,0
29-11-2025,25.4,22,28,0,10.8,1016.8,0
30-11-2025,25,20,29,0,9,1016.2,0
01-12-2025,24.9,21,28,0,9.9,1016.2,0
02-12-2025,25,20,29,0,10.5,1016,0
03-12-2025,25.2,22,29,0,9.5,1015.9,0
04-12-2025,25.5,21,30,0,9,1017,0
05-12-2025,25.6,23,29,0,7.6,1017.7,0
06-12-2025,25.1,21.9,28.2,0,10.7,1018.1,0
07-12-2025,25.5,21.6,29.4,0,11.5,1018.5,0
08-12-2025,25.8,21,30.5,0,12.4,1018.8,0
09-12-2025,25.9,21.2,30.7,0,11,1017.8,0
10-12-2025,25.8,21.5,30.6,0,11.7,1016.9,0
11-12-2025,25.8,21.4,30.1,0,10.9,1015.9,0
12-12-2025,25.7,22.1,29.3,0,11.9,1015.1,0
13-12-2025,25.2,21.5,28.4,0,13.4,1014.9,0
14-12-2025,24.7,21.7,27.6,0,12.7,1016.1,0
